id,name,email,password_hash,graduation_year,field_of_study,current_role,company,location,bio,profile_picture
1,Duane Cruz,thomasjonathan@example.net,f77986931798fce2cfc598fca9775985f446729413fb85351dc85b17acbaf1e4,2010,Psychology,Accountant,InnovateX,Rebeccaville,Feeling start grow magazine task candidate early.,user1.svg
2,Julie Hernandez,phillipsjames@example.com,f757527954ab8b598cc6d3207d8cf3df4a60226ae3f7baeea0f5cb359f3a929c,2009,Physics,Accountant,GlobalCorp,Cindybury,Yard capital training tax.,user2.svg
3,Kimberly Peterson,marywhite@example.org,cd07044127694a6d19db1303d63369818e7a41bb914ed70ba3cde6df213adfdd,2015,Computer Science,Project Manager,TechCorp,Travisfort,Feeling everybody world right these against morning.,user3.svg
4,Nicholas Ali,tperry@example.net,22ab7f0790cb438774ce29d8ab6c0bf392e88569bd597aec4a01b96d18fc061e,2004,Psychology,Data Analyst,InnovateX,Nielsenberg,Stay everybody idea and seven hit simple.,user4.svg
5,Courtney Ray,eadams@example.org,f3d22408474db88c098031cbb0808c4cb3f8cd7433241cc6f2bb6020d04fe369,2022,Computer Science,HR Specialist,SmartTech,Oneillside,Night list road run bad PM several reflect.,user5.svg
6,Brandon Smith,gsmith@example.com,ee3826740ea5b32d456a597499cbb12eeb8f9d59e8b4c9bdbc02fb49f72b1655,2013,Physics,HR Specialist,GlobalCorp,East Andreastad,Less activity each really political information today.,user6.svg
7,Traci Hughes,timothylewis@example.org,0126f0d01ceb8e2f2d256c5fc32d7cbf372120acadd758f3d19177edd6bf11b8,2012,Economics,Data Analyst,SmartTech,Shirleyborough,Open within or party industry or bill.,user7.svg
8,Maria Baker,michelle28@example.com,3f01a63a6c1871b45f05f704f094bf96e08b3d922b18c676abb6114b931ab824,2017,Mathematics,Designer,TechCorp,Tinaborough,Later continue very professional.,user8.svg
9,Gregory Jones,wevans@example.org,9c612abfda6c202b4990472fd70c398cbd162d6fe9035ec18e9c3e0a07f6a67c,2020,Biology,Researcher,GlobalCorp,New Lauren,Thing blue assume talk travel side process during.,user9.svg
10,Suzanne Ross,jennifer18@example.com,11814fb54845587d52f4169c6b4d99c2eab215f6f77523ef4b5ef85cf9add8b6,2024,Marketing,Software Engineer,Alpha Systems,Rodriguezmouth,Anything try game fast effect environmental tree.,user10.svg
11,Stephanie Calderon,panderson@example.com,4c7eb2a5a559f51b15f2d651fb2b51d1b3938c821a529393e6ebb5992ca3a49a,2001,Biology,Researcher,SmartTech,Williamsbury,Nothing watch down rule appear.,user11.svg
12,Michael Wallace,amandacannon@example.com,e0f0503a274d596534f45ea8dac08f3c4a3031b2975df6e6cf02340b7f6fc974,2007,Economics,Software Engineer,SmartTech,Reyesfort,Door represent lot.,user12.svg
13,Steven Clark,mcdonaldluis@example.com,849401db731696f28dcce3fcf892ae9b4ca549ab8eb9a113893c40c35e16b0d4,2020,Economics,Accountant,NextGen Solutions,New Joshua,Kind man move.,user13.svg
14,Aaron Baker,william48@example.org,9d27de39d3fa4db83f8a7b3a6c2be72a01e71f6f590f960cbe5a1822b120e159,2015,Physics,Project Manager,SmartTech,Edwardsport,Administration term necessary coach.,user14.svg
15,James Bell,lisabates@example.org,82a9828ef0db4801ec455e88f839044ab12e0668651f71063b8bdcbb0310c369,2018,Mechanical Engineering,Marketing Specialist,InnovateX,Lake Benjaminstad,Your none anyone group clearly.,user15.svg
16,Brandon Newman DDS,derekramos@example.org,01957837f7bbfa4a66bca15cbc4a31c875331ad94971911d47c5657b2598543d,2006,Psychology,Consultant,GlobalCorp,East Patriciafort,Many ok face.,user16.svg
17,Yvonne Martin,christopher52@example.com,9d22f5578bedd27fb0fc698d353946b71597898012cda01eec974934dd8390e3,2005,Mechanical Engineering,Marketing Specialist,InnovateX,Peterston,Guy guy system manage almost various.,user17.svg
18,Spencer Tucker,montgomerybenjamin@example.net,0f90f5a82e9f537e277bbccd41177eb10acb06a028f3e08440ffd98a598aaa8a,2016,Mechanical Engineering,Marketing Specialist,Alpha Systems,West Scottberg,Actually maybe we current similar whom.,user18.svg
19,Anthony Estrada,martinezjeffrey@example.com,1553affe2470f7c9f1516ce9f82d0120be1bc468496c928563a07281eee637b8,2017,Mathematics,Data Analyst,TechCorp,Martinezville,Defense believe north.,user19.svg
20,Kimberly Gordon,rharper@example.net,a1df7f3ee797c972a78f895ba6c3f626bf9b940d8e6e4649dee2cea205c60d64,2016,Marketing,Software Engineer,DataWorks,Sandovalville,Civil begin I look camera think manager.,user20.svg
21,Edgar Quinn,klogan@example.net,f8911365f8408965b39e912aacd4860bdb94aa0209c714585ae9f484135320e7,2000,Biology,Product Manager,NextGen Solutions,Robinborough,Best hair threat gun.,user21.svg
22,David Curtis,qjohnson@example.org,2494ba79f92c5368b6db6535ac83fb0b6c095e858994fbaaabf04f6233b00c02,2010,Biology,Product Manager,Alpha Systems,West Bradleyton,To plant sport according small woman.,user22.svg
23,Dr. Tiffany Hardy,julierusso@example.net,eaf4b7031c6cddd551ad4ba4b83bca3ce142e49b9088a9a07d3149cbb8bac159,2024,Mechanical Engineering,Consultant,Alpha Systems,New Ashleymouth,Move state gun trial song continue degree.,user23.svg
24,Amy Mitchell,andrew67@example.org,d26ab9c688e5ade837aae181ae968c132a4f7f13c810f4e6af06c4a8966f38c5,2011,Computer Science,Consultant,FutureLabs,Vegachester,Perform begin brother must receive message.,user24.svg
25,Rebecca Hernandez,anthonydean@example.com,676b16d6c9034ab5bc943d9865581bb1b0328573afc8713bc3df430817dff738,2023,Computer Science,Product Manager,InnovateX,Lake Christopherside,Door wear effect.,user25.svg
26,Stephanie Hall,morrisoncorey@example.net,ab4aee57b037ea24fd57818cf2ed7af63b4351901c6bf4dd429d3d28fe0d6f1c,2002,Mechanical Engineering,Marketing Specialist,InnovateX,South Heather,Agree risk chance around great back event.,user26.svg
27,Monique Davis,chelseamullins@example.com,39cfc37786ca4d83c94e2698baaee6a3e67722cac02d58bcdd57c2df26e4af8b,2005,Biology,Project Manager,VisionSoft,New Michael,Brother skin once crime building choice trip born.,user27.svg
28,Michele Short,peterdavis@example.net,604f9e2a3e2d5b90c4a9a3cf659415bb07f560bdd62c9d033ff9dfbcb04b0a1d,2026,Economics,Product Manager,VisionSoft,South Wendy,Trouble resource under.,user28.svg
29,Reginald Nelson,ywilliams@example.net,53d5af6f9f5351a0a40d470f99aaba78962bcbb767d8f5fc29c894116dcc6c69,2024,Economics,Researcher,InnovateX,Pettystad,Certain away heavy tell pass.,user29.svg
30,Justin Black,bennettelizabeth@example.net,80636cd1959081bee27d4b52cce01151961bd8aefb5f4158f2590c532713805e,2010,Mechanical Engineering,Data Analyst,FutureLabs,Petersontown,Give ground trial which.,user30.svg
31,Christopher Byrd,ffisher@example.org,ebe402e835a83f23edf12ae51aa806c5e57f5cb8e06e86a7434acbfd919da509,2011,Marketing,Data Analyst,GlobalCorp,West Daniel,Put southern second fight culture feeling above wrong.,user31.svg
32,Mary Tucker,olewis@example.org,62016ddeefb5a5fbc02ac58112f16708788e4ef22de081a59f19cdefa9d24f6f,2002,Biology,Project Manager,Alpha Systems,Ortizfort,Wife heart six interview really sing.,user32.svg
33,Kaitlin Anthony,jerrymorris@example.com,6addd2ba0f2f61f80fc591869fcb9e07fdd4a501e690b4fce15c23496ea863ea,2010,Physics,Project Manager,Alpha Systems,South Thomas,Buy drug my material reduce.,user33.svg
34,Dylan Wood,eric48@example.com,76fe21da36a38094f7fb4c02727c082fc5e99a74ab1f3ad30bd80f86aba10330,2007,Marketing,HR Specialist,VisionSoft,Brockville,Throughout note soon teach mean message say middle.,user34.svg
35,Dorothy Floyd,tylerlinda@example.com,ae71d7954cdc04ffe61d2ea82981de7c5c73a11252671bbfa3b750dc95b2296a,2008,Finance,Consultant,GlobalCorp,Port Scottton,Individual continue like story property then.,user35.svg
36,Laurie Perkins,williambender@example.com,e3a562e5a44e012c0c9619281c91fcbfa37512f67d1e27389af2636aba2d06d3,2020,Business Administration,Researcher,VisionSoft,South Barbara,Mother summer bed force significant name.,user36.svg
37,Cassandra Olson,rachel46@example.org,5e647679086d66c8cf759ea27864cfea6c2391bf814450ebb742dc5610b00ba3,2008,Physics,Product Manager,NextGen Solutions,West Lisaville,House by kind.,user37.svg
38,Jason French,sextonanna@example.org,962a0d4ec3f08aadc40862b028d106d0c8f373e7953f276ddb71deeb1a71965b,2009,Finance,Data Analyst,GlobalCorp,Cooperfort,Measure understand end hotel really go.,user38.svg
39,Robert Fischer,ajohnson@example.com,1568c9177b38d85abd657a5e6c2d3d4f302609100588e350fd19b71db4c72402,2015,Business Administration,Researcher,VisionSoft,Lake John,Pattern fly future stop assume range.,user39.svg
40,Juan Martin,natasha77@example.com,fc4e9596398939239a5d5d9569af51afa383e9b92d1d46a5fdbd1be126267dc1,2015,Psychology,Designer,VisionSoft,Douglasville,Probably prove official language agency upon example.,user40.svg
41,Kenneth Bell,thompsonmargaret@example.net,c9930a66e534aa6abfdc47803b69eaacfe2da5f0e44fff051dea47faef47e7fd,2023,Mechanical Engineering,Accountant,GlobalCorp,South Zacharyfort,Trouble determine even food.,user41.svg
42,Bonnie Porter,tmartinez@example.org,f62421701d9c7596c188a62b8de8b241c7dbb4deef667c4db136e70eca139447,2025,Computer Science,Data Analyst,GlobalCorp,Suttonfort,Room sound yeah about.,user42.svg
43,Maria David,mark61@example.org,f1b1c763d4b3e5f2101ce2c32ed4c18df1240a97cb88cd6e6dd3c0b3967011d9,2001,Mathematics,Consultant,InnovateX,West Tabitha,Someone front already hard theory long.,user43.svg
44,Ashley Hernandez,corey20@example.com,e79af3a1509afe08d09e4f2851adcae5f5f05194dbb2661038b6a5105e261f55,2025,Business Administration,Product Manager,SmartTech,Mariahton,Account idea material individual beautiful Mr.,user44.svg
45,Matthew Romero,gsandoval@example.org,f1fa7ad9b791dde555e29d309034cecf429c1784072989392eedec796f854bb8,2014,Economics,Marketing Specialist,Alpha Systems,South Samueltown,Might media money difficult.,user45.svg
46,Derrick Gentry,whiteandrea@example.org,cd903f2066182aec5bebe3c7ce4f126b97b5a1d63b8be8f103d7cd13c5b2483b,2017,Physics,Data Analyst,DataWorks,Kevinmouth,Name laugh city investment east television them.,user46.svg
47,David Christensen,lindahudson@example.net,4269586cbd5b973c3f36f5d75bf6af4a77e6ffedb08a686cbb672c1cf8706d44,2019,Finance,Project Manager,Alpha Systems,Port Jeffrey,Join Republican main consumer apply simple human.,user47.svg
48,Julia Dickerson,csmith@example.com,b622c759a918d97552cd62b3d034684606a5c9643654ef7e4182b3ccccae97d9,2022,Economics,Consultant,GlobalCorp,New Stephanie,Player according never surface end stand item management.,user48.svg
49,Lisa Johnson,travis39@example.net,19da28797fc78f0b267bd49246e68b6d77d6803263f1b29dece917ba8b0bad2f,2015,Business Administration,HR Specialist,InnovateX,Lake Christinaville,Somebody worker market leave especially question bit great.,user49.svg
50,Kathleen Barnett,vsmith@example.net,6141e1bac6fbd5aad978aebfcc46a133943d156dfecbae5d2e6bd8a2583cfd8c,2003,Marketing,Consultant,SmartTech,East Stephanieburgh,Black election four challenge ok improve adult.,user50.svg
51,Rebecca Ward,klambert@example.org,fa66f99d4b16a6d1c5357d8580023aba14e50a5e86558e9c963cd3290065be79,2003,Economics,Marketing Specialist,FutureLabs,Christophershire,Exist strong indicate name food evening.,user51.svg
52,Sandra Rojas,marc24@example.net,2f6a5879ea97d3b087837b121da6013575c9aa6b5b9ea5c6a9efdb34af9bb37f,2021,Economics,Product Manager,BuildIt,Ginafurt,Glass provide wind stop sometimes.,user52.svg
53,John Sanchez,sara89@example.org,897f392485564e8d9a7fdd6d7f367ea925188c05cf8dcde2569b6b4e2855d79b,2017,Computer Science,Accountant,Alpha Systems,Reyeston,Cover hospital great before century year building.,user53.svg
54,Misty Parker,anthony12@example.com,268a1d774f6fc568d25c66f79b9cf48d3924be62bd6b7116d99769f94f04b2b5,2014,Mathematics,Marketing Specialist,SmartTech,East Christopherhaven,Better rock scene there strategy.,user54.svg
55,Dakota Mueller,duartedustin@example.org,25c46aa3594b4c0ab93239dd38d5423d11795cc31185c6614dd74a7f80b409f0,2021,Mathematics,Product Manager,InnovateX,Haleberg,Indicate interesting firm particularly.,user55.svg
56,Anthony Garrison,lorrainehopkins@example.com,8d4c4b06583d1b3446b8f57d57ad8f859acfad90f2133025e993477911d3b548,2018,Mechanical Engineering,Marketing Specialist,VisionSoft,Davidmouth,Side oil before.,user56.svg
57,Kayla Hunt,martinezjean@example.net,43dab135880e326fe27191449e898e3eec97430dcec4cef89e5a4f7accde981a,2018,Economics,Project Manager,TechCorp,Walkerborough,Trade those lose option.,user57.svg
58,Patricia Hunt,deniseray@example.net,30143c5a3b37fd83d2e02c58e0e3c7a7c61c52e2fdf61844673e6a0b5710cfae,2024,Finance,Data Analyst,FutureLabs,Jenkinsfort,Per hair son trial pass send.,user58.svg
59,Travis Patterson,ahensley@example.org,678367ec58606b4c47abcc3a796478112ffc3fe640755278e92d0cd392aa50b6,2014,Mathematics,HR Specialist,VisionSoft,New Nathan,History late exist back.,user59.svg
60,Michael Curry,mvelasquez@example.net,91661284be444389f866081b779dbcb6697c7586f69aeeeade5b44b22eeac819,2003,Economics,Project Manager,NextGen Solutions,Port Michael,Town cup center standard air similar training close.,user60.svg
61,Elizabeth Young,fosterdustin@example.com,404b19e3287f2261a3b6d7ea62a11a4cbb47d208bf92f98d981185a0001defd3,2023,Mathematics,Consultant,VisionSoft,Thomasburgh,Which per issue project population experience discover.,user61.svg
62,Benjamin Gay,glennlewis@example.net,8ea33b0d375436f2c54520d13a5c5ce15e77278a046e9e2e0dc442811d98f13c,2005,Psychology,Data Analyst,DataWorks,Lake Anne,Fill table apply sport wait control.,user62.svg
63,Tammy Kidd,cochrantammy@example.com,734ae7f82f58311fee00f18f32687742d917bb17168964b037e4de2e6cc631e9,2026,Physics,Data Analyst,SmartTech,Jessicaborough,Upon home moment he full short.,user63.svg
64,Heather Diaz,francisjones@example.org,92b70c9d19c0569a7fce7228fd44a144bb50dc425639e0add36fcf77f3c8f3a6,2009,Business Administration,Software Engineer,FutureLabs,Lake Howardside,Must ahead mother door protect become.,user64.svg
65,Jennifer Johnson,smithbrandon@example.com,349a078d79bce095670491aa98a1c902362caab6b16bdb62af63eb9925b6db27,2011,Physics,Project Manager,SmartTech,Joshuaburgh,Soon institution question thousand.,user65.svg
66,Angela Atkinson,simmonsemma@example.org,64ce1ba4f01adc6bfbfa40d6021513c2bca91f0bf94bc197ae27b56fa11abe25,2022,Mechanical Engineering,HR Specialist,BuildIt,South Robin,Care style each lawyer defense particular around.,user66.svg
67,Michael Davis,benjaminlivingston@example.com,a3dd6572fd85b2215467786789563b2d7db228962c786962d31000cceacdd7ba,2010,Marketing,Marketing Specialist,NextGen Solutions,Kimberlyton,Bill star this none article.,user67.svg
68,Carrie Cummings MD,michaelalvarez@example.net,082d12211072c552dc239b1991ad60903e5fd63064f735efa1fd1720e07f7893,2006,Marketing,HR Specialist,NextGen Solutions,Clinefurt,Wife health bit president pay.,user68.svg
69,Steven Arnold,xstewart@example.net,d20661fb8f9ca0b8c1e1d775ef0f950c03499d482e1cbb385f8fb945e9d85aea,2004,Economics,Researcher,Alpha Systems,New Erinstad,Address economic close respond health type to.,user69.svg
70,Michelle Shah,alexandrabrown@example.net,17df3c1440eb2a04462090103ec76edc7e72609bc47d39d8f178d7b64f101f4e,2025,Business Administration,Project Manager,InnovateX,North Elizabethshire,Safe star relationship low remember if foreign.,user70.svg
71,Pamela Rowe,nunderwood@example.com,783313a8957a9cfd6756a3bebd8a03e68176b5e1396ce05a0a9b47d5f62ef3b6,2018,Business Administration,Accountant,Alpha Systems,West Seanchester,Finally bank some office fill tree.,user71.svg
72,Holly Choi,cboyd@example.org,3bb844fd8fa55053cc4844155837c657a2a20ffec441c62ea2609fb694cbf0dd,2009,Psychology,Consultant,NextGen Solutions,New Nicholehaven,Everybody design arm question.,user72.svg
73,Lisa Holmes,sanderskimberly@example.net,6656bbe37fbfef24fc2bec1d1663ef328f721542beb7c39830448cf56593965b,2025,Psychology,Designer,GlobalCorp,North Tinabury,Blood hear help kid risk city.,user73.svg
74,Amanda Hansen,penny01@example.com,8c0266f24e7271491c94d95ad3e3300dafc01beaca9af36a150cf91ea99f52b4,2007,Finance,Marketing Specialist,FutureLabs,Williamsside,According just be.,user74.svg
75,Dorothy Perkins,paultheodore@example.com,770769aa0bd28cd2260b460dd97a77cc5b6e1b873050a8a2345a4c3d512c0e61,2018,Mathematics,Accountant,GlobalCorp,Ashleymouth,Camera table local indeed break occur.,user75.svg
76,Noah Woods,rossbell@example.net,ead60ead9aef6f162c4a564f8a216cb7a2844d9e8ddf1041ca854892360334fa,2003,Business Administration,Designer,Alpha Systems,Sarahview,Baby ever early soldier talk home or.,user76.svg
77,Dr. Megan Watts,mhill@example.net,24de24f9ccc6e56e65ce40a05ae8a18f369fed5527e9cbd31688e24b36b944cb,2016,Marketing,Marketing Specialist,TechCorp,Lake Danielleville,Discussion tough good girl care particular or suddenly.,user77.svg
78,Guy Wong,james62@example.com,48943be3e6ca9f6d20f54de0acd1a275945ee878a2efb61cbb510a887871d839,2000,Economics,Accountant,GlobalCorp,West Meagan,Charge thought actually for away care.,user78.svg
79,Teresa Brown,shortdeanna@example.net,485feb1f1378be1847907da0a41c4ebb2ee7853b65834766746e4f054a26b2d5,2001,Biology,Product Manager,BuildIt,Caitlynton,Trial use drive baby ask individual base.,user79.svg
80,Patricia Ramos,obass@example.net,27961ad18fb4bae7723c62eb512c8a225ede0bd019abd10cab6a8809c4f5a62e,2002,Mathematics,Accountant,NextGen Solutions,South Andreaberg,Specific pretty future finally.,user80.svg
81,Jennifer Perry,haleyhurst@example.com,b956c58541a8a8061cda0fda8b7a9887668f4b02a220158404dfc92d844223dd,2005,Economics,HR Specialist,SmartTech,Jessicaview,Reality resource fly against including responsibility price.,user81.svg
82,David Smith,plane@example.net,d5d3a4c63f11938cae1a3e7cc2ae79a243ad2889111663f4f54210f0ae4dae07,2016,Economics,Data Analyst,NextGen Solutions,Jennystad,Middle better general ball while yard.,user82.svg
83,Connie Harper,smorton@example.com,bb8a5500d2880366d8d16f7397c613aa5226046ce9f0adf47e37b1899be5f697,2014,Psychology,Marketing Specialist,TechCorp,Paigemouth,Window adult career arm their skin capital.,user83.svg
84,Kenneth Gardner,tjones@example.net,000bf674a7dde6201cd6f8ed24c9e6ac265d1aec63abcf9e517fb81efb172073,2004,Physics,Data Analyst,NextGen Solutions,South Tiffanyberg,Let job pull far.,user84.svg
85,Gabriel White,daniel32@example.com,9913930179cac1acf171917855935f9574401dec74d28bc5110fd0cbdbf5f102,2026,Business Administration,Software Engineer,VisionSoft,Lake Robertchester,Thing begin it it cup industry.,user85.svg
86,Curtis Newman,misty27@example.net,7574baf9967d804ae93887a847f70ac68330950a588827fcf3062444ec294253,2020,Biology,Product Manager,GlobalCorp,Lake Priscillahaven,Factor seven enough rise.,user86.svg
87,Andrew Monroe,huntpaula@example.com,27e3951a2b335f9aa681e3382aaa526e34c1b1878ea2a4e0afd65c7254da60e9,2022,Physics,HR Specialist,NextGen Solutions,New Bradleymouth,Treatment size early.,user87.svg
88,Kristin Rodriguez,pperkins@example.com,06cc3cd5c65674a9b3fd904dbf8f5fc4c107919fe40d89c4774609852778458b,2003,Psychology,Product Manager,DataWorks,Orrtown,Feel task service last enter.,user88.svg
89,James Nielsen,fosterrichard@example.net,25b0f347dffddc38f133274ead9ae9d6403d197ddd128f4b9b456dce6bb25ca8,2019,Marketing,Consultant,NextGen Solutions,Smithbury,Us so game age quite particularly by.,user89.svg
90,Ashley Garcia,donaldmarquez@example.net,29ccca262dc2b151130a12629a721901f70722df679f446e3cf0b30eabd89790,2020,Economics,HR Specialist,TechCorp,West Susanhaven,Family article article future find police.,user90.svg
91,Seth Long,walshmichelle@example.org,7ff0536e10a30888c43c34596a4b3498e2cd075fb3cef929b21da54716cf5d9e,2000,Economics,Consultant,FutureLabs,Jefferychester,Here total enough guess artist article sometimes.,user91.svg
92,Jamie Jackson,scott04@example.net,4ad94ab21f53b37d903502492460b3093b5bf60149a07f051192a2ccea41f8d7,2024,Psychology,Accountant,DataWorks,Cobbtown,Wall film begin simple leader improve.,user92.svg
93,Diane Collins,ericjohnson@example.com,633bb65fba86a1e95c39b4eacfce168596350284d35eb66723acd6b2048c8e1f,2015,Psychology,Designer,SmartTech,New Nicholasview,Spring medical company mention.,user93.svg
94,Amanda Nguyen,nglass@example.org,6085df6963e347bd0f5f8cd266ec4451c6823356a472401756a4426a852a7e3e,2010,Biology,Consultant,Alpha Systems,Elliottstad,My million whether memory ever cut hard.,user94.svg
95,Rachel Hill,carolinebrooks@example.net,d55b1db4b87cbeebb32bdf05c10b02a101f8d97b961cdc3f3e183aba9944eab3,2019,Psychology,Consultant,Alpha Systems,Mayoside,Discussion responsibility plant shake themselves social group.,user95.svg
96,William Reynolds,james71@example.org,af6f312ae781225a22839ff79dafcd2f453131a1e7df541f66ef67c31df0a659,2026,Mathematics,Designer,DataWorks,Matthewfurt,Final whole by system.,user96.svg
97,Melinda Richardson,paul95@example.net,82812ed9ff5bdbc4e042587d749d70e78d72529f434bb4297879522bc5dd6392,2006,Economics,Software Engineer,BuildIt,North Holly,Look it line college no.,user97.svg
98,Sarah Bennett,emoore@example.com,333b26d89e4535619ab4eb721ccbbc783fa79894517b217147bddeb13b523d3e,2003,Mathematics,Consultant,NextGen Solutions,North Raymondville,Traditional amount out vote fine happen owner.,user98.svg
99,Michael Martinez,jeffrey89@example.net,88b3bb1d0595d5f44a6e3536e5c1b8a6ed554d30c5c4de5e032351b02be3acbe,2021,Finance,Designer,DataWorks,New Bradley,Employee range control one.,user99.svg
100,Katherine Holt,melissa16@example.org,9efba5a96f400ca67b36d5fb80da8e100d1cd9d2e6c1e9cdd9c33bc385add769,2019,Marketing,Project Manager,NextGen Solutions,North Veronica,Step decision shoulder green she court executive.,user100.svg
